Salt ID,Salt Smiles,Cation Heavy Atoms,Tanimoto Similarity Score,Molecular Relative,Anion,predicted cpt,predicted density,calculated cpt,calculated density,"% error, cpt","% error, density",Round,Series,Category,"kde, density","kde, cpt",distance to pareto front
C16_A16,CCn1cc[n+](O)c1.CCOS(=O)(=O)[O-],8,0.6074074074074074,1-ethyl-3-methylimidazolium,ethylsulfate,354.69,1353.94,371.99,1291.03,4.65,4.87,1,3,Imidazolium,2.6647528632747943,0.3970613603233216,-0.08041577947221254
C17_A17,CCC#CCCn1cc[n+](NCO)c1.N#C[S-],14,0.6180904522613065,1-butyl-3-methylimidazolium,thiocyanate,369.18,1394.09,419.83,1160.99,12.06,20.08,1,3,Imidazolium,2.1901583452479567,1.95523367866128,-0.07464701780701517
C18_A18,CNCc1n(CO)c(NC)c[n+]1C.O=S(=O)([N-]S(=O)(=O)C(F)(F)F)C(F)(F)F,13,0.5081300813008129,1-butyl-3-methylimidazolium,bis[(trifluoromethyl)sulfonyl]imide,370.61,1447.03,572.47,1505.89,35.26,3.91,1,3,Imidazolium,1.6725315965998744,1.7846094449134386,-0.041704079830202224
C21_A21,CN=NC(=CN)Cn1c[n+](C)cc1N.O=S(=O)([N-]S(=O)(=O)C(F)(F)F)C(F)(F)F,14,0.5377777777777778,1-isobutyl-3-methylimidazolium,bis(trifluoromethylsulfonyl)imide,380.07,1445.44,562.64,1523.94,32.45,5.15,1,3,Imidazolium,1.7606660114347086,1.6421007488321606,-0.046239087763349104
C22_A22,Cn1cc[n+](CSOc2ccccc2)c1.O=C([O-])C(F)(F)F,15,0.515,1-butyl-3-methylimidazolium,trifluoroacetate,347.65,1319.48,457.5,1321.45,24.01,0.15,1,3,Imidazolium,1.2433943211014546,0.4135679523926537,-0.07448032716564197
C26_A26,C#CNC(CC(N)CCO)C[n+]1ccccc1.COS(=O)(=O)[O-],17,0.5879396984924623,1-butyl-2-methylpyridinium,methylsulfate,363.85,1367.95,601.5,1264.16,39.51,8.21,1,3,Pyridinium,3.156330025015889,1.7467030500914715,-0.08635424502762296
C31_A31,CC(O)[n+]1ccccc1Cl.N#C[N-]C#N,10,0.5691489361702128,1-ethyl-2-methylpyridinium,dicyanamide,359.76,1372.86,339.94,1249.83,5.83,9.84,1,3,Pyridinium,3.017607789999873,0.9057819297575254,-0.08296955213514996
C37_A37,C[n+]1ccn(CCCCO)c1.O=S(=O)([O-])C(F)(F)F,11,0.9178082191780822,1-butyl-3-methylimidazolium,trifluoromethanesulfonate,349.31,1332.74,431.41,1354.84,19.03,1.63,1,3,Imidazolium,1.284260267937876,0.4048935219272264,-0.07617707925034282
C38_A38,NC(S)C([NH3+])F.N[C@@H](CO)C(=O)[O-],6,0.5344827586206896,1-butyl-2-methylpyridinium,L-serinate,360.06,1422.53,332.25,1459.8,8.37,2.55,1,3,Pyridinium,2.470530545835409,0.9721871119781929,-0.052972389512154855
C40_A40,C[n+]1ccccc1CO.COS(=O)(=O)[O-],9,0.6481481481481481,1-ethyl-2-methylpyridinium,methylsulfate,336.85,1378.51,342.43,1332.64,1.63,3.44,1,3,Pyridinium,2.757391068737661,0.4968664745170014,-0.06844828722458758
C47_A47,N[N+]1=CC=c2ccccc2=C1.CS(=O)(=O)[O-],11,0.5842696629213483,2-octylisoquinolinium,methanesulfonate,362.17,1387.61,340.83,1332.35,6.26,4.15,1,3,Quinolinium,2.3573712392409014,1.413918827820598,-0.07518533365811082
C49_A49,CCC(Cl)Nn1cc[n+](C)c1.O=[N+]([O-])[O-],11,0.5194174757281553,1-butyl-3-methylimidazolium,nitrate,356.32,1361.17,338.13,1277.04,5.38,6.59,1,3,Imidazolium,3.0924761408521624,0.4674928185313937,-0.08174670409162922
C50_A50,N#Cc1ccc[n+](CCCO)c1.CC(=O)[O-],12,0.9099526066350708,1-butyl-3-cyanopyridinium,acetate,357.6,1342.42,454.56,1161.64,21.33,15.56,1,3,Pyridinium,1.7232317583865904,0.580892189554406,-0.08137790863578816
C53_A53,CSn1cc[n+](CC(O)C(C)C)c1.N[C@@H](CO)C(=O)[O-],13,0.6086956521739131,1-butyl-3-methylimidazolium,L-serinate,357.51,1337.13,527.61,1185.94,32.24,12.75,1,3,Imidazolium,1.4256755996200636,0.5714667148837289,-0.08102132815231941
C57_A57,C[n+]1cccc(Cl)c1.CS(=O)(=O)[O-],8,0.6153846153846154,1-ethylpyridinium,methanesulfonate,353.15,1532.02,318.82,1368.7,10.77,11.93,1,3,Pyridinium,0.6662203710280654,0.3795683565575772,0.010672794145322037
C59_A59,OC(CS)CC[n+]1ccccc1.CCOS(=O)(=O)[O-],12,0.7759999999999999,1-butylpyridinium,ethylsulfate,371.42,1405.9,470.68,1286.19,21.09,9.31,1,3,Pyridinium,2.1664729844994186,1.6744726717321936,-0.06856463835691064
C62_A62,C[n+]1ccn(CCC(N)(N)C#CN)c1.CCOS(=O)(=O)[O-],14,0.7362637362637363,1-butyl-3-methylimidazolium,ethylsulfate,376.86,1430.25,553.27,1295.2,31.88,10.43,1,3,Imidazolium,2.439940529532415,1.3674805138551829,-0.05642168825652624
C63_A63,Cc1cccc[n+]1C(CN)PO.N#C[C-](C#N)C#N,12,0.6341463414634146,1-ethyl-2-methylpyridinium,tricyanomethane,356.8,1383.93,437.02,1200.79,18.36,15.25,1,3,Pyridinium,2.4990941431677958,0.505851714309318,-0.07481851320085005
C66_A66,c1cc[n+](cc1)CCO.O=C([O-])[C@@H]1CCCN1,9,0.8767123287671232,1-ethylpyridinium,L-prolinate,373.59,1448.68,478.37,1164.1,21.9,24.45,1,3,Pyridinium,1.5813415457878308,1.4175591934749867,-0.04097590874129327
C69_A69,C[n+]1ccc(O)cc1.CCOS(=O)(=O)[O-],8,0.6470588235294118,1-methylpyridinium,ethylsulfate,369.76,1389.41,357.77,1310.56,3.35,6.02,1,3,Pyridinium,2.3001959727678147,1.8974682994139767,-0.07776791632490292
C71_A71,C#CCCn1cc[n+](CC=C)c1.O=C([O-])C(F)(F)F,12,0.7654320987654321,1-methyl-3-propylimidazolium,trifluoroacetate,371.84,1395.5,413.93,1213.64,10.17,14.98,1,3,Imidazolium,2.168678651604499,1.6135964567502743,-0.07507927059005266
C74_A74,C[n+]1ccccc1C(F)CS.N[C@@H](CO)C(=O)[O-],11,0.6088435374149661,"1,2-diethylpyridinium",L-serinate,338.01,1366.9,497.92,1293.89,32.12,5.64,1,3,Pyridinium,3.167854561176707,0.4157879428966543,-0.07182892068010038
C76_A76,C[n+]1ccn(c1)CC#N.COS(=O)(=O)[O-],9,0.7983870967741935,1-ethyl-3-methylimidazolium,methylsulfate,363.84,1382.39,378.49,1336.21,3.87,3.46,1,3,Imidazolium,2.5696096119438083,1.7467030500914715,-0.07916168827540775
C79_A79,C[n+]1ccn(CP)c1.O=C([O-])C(F)(F)F,8,0.675,"1,3-dimethylimidazolium",trifluoroacetate,344.95,1402.19,327.77,1342.31,5.24,4.46,1,3,Imidazolium,2.13725750345964,0.4047228409385553,-0.05799984531271867
C81_A81,c1cc[n+](cc1)CCO.O=S(=O)([O-])C(F)(F)F,9,0.8767123287671232,1-ethylpyridinium,trifluoromethanesulfonate,340.58,1439.17,366.44,1433.91,7.06,0.37,1,3,Pyridinium,2.1110673950491257,0.3609739085887114,-0.03344253815392
C83_A83,CC(N)C[n+]1ccc(N)cc1CS.O=C([O-])C(F)(F)F,13,0.6103286384976526,1-ethyl-2-methylpyridinium,trifluoroacetate,356.88,1363.17,457.7,1345.4,22.03,1.32,1,3,Pyridinium,3.145768186968981,0.5131239602638638,-0.08217594317538547
C85_A85,C[n+]1ccn(c1)CC#N.COS(=O)(=O)[O-],9,0.7983870967741935,1-ethyl-3-methylimidazolium,methylsulfate,363.84,1382.39,337.45,1356.63,7.82,1.9,1,3,Imidazolium,2.5696096119438083,1.7467030500914715,-0.07916168827540775
C86_A86,N#CNCCn1cc[n+](CO)c1.[Br-],12,0.6182795698924731,1-butyl-3-methylimidazolium,bromide,371.42,1401.67,341.57,1542.71,8.74,9.14,1,3,Imidazolium,2.1357869533709897,1.6744726717321936,-0.07113162891708942
C91_A91,CCn1cc(Cl)[n+](C)c1.[Br-],9,0.6387096774193548,1-ethyl-3-methylimidazolium,bromide,352.0,1322.92,236.28,1524.02,48.98,13.2,1,3,Imidazolium,1.2177289688338118,0.3829099805099807,-0.07711445927917804
C95_A95,C[n+]1cccc(C#N)c1.O=C([O-])C(F)(F)F,9,0.78125,1-butyl-3-cyanopyridinium,trifluoroacetate,324.21,1453.08,324.95,1333.2,0.23,8.99,1,3,Pyridinium,1.3621610700735407,0.8175963951752792,-0.017075193896063885
C98_A98,CC(Cl)[n+]1ccccc1.COP(=O)([O-])OC,9,0.8,1-ethylpyridinium,dimethylphosphate,370.55,1483.65,407.37,1277.53,9.04,16.13,1,3,Pyridinium,0.8763367973844098,1.7965468197158443,-0.004965322404206315
C99_A99,C[n+]1cccc(CS)c1.CS(=O)(=O)[O-],9,0.6928104575163399,1-butyl-3-methylpyridinium,methanesulfonate,354.16,1453.88,345.38,1312.1,2.54,10.81,1,3,Pyridinium,1.3275903054347502,0.38730342523981776,-0.029721836298846827
C02_A02,CCCCC(SC)c1cccc[n+]1CC.CC(=O)[O-],15,0.5674157303370787,"1,2-diethylpyridinium",acetate,409.81,1180.65,578.68,1019.28,29.18,15.83,1,2,Pyridinium,2.6175778663884524,2.167587992944426,-0.10123995631841358
C07_A07,Cc1ccc[n+](CC(C)P)c1.CC(=O)[O-],11,0.8167539267015707,1-butyl-3-methylpyridinium,acetate,431.39,1151.69,421.52,1076.75,2.34,6.96,1,2,Pyridinium,1.5704210406741856,1.3303450423622674,-0.10693808318573099
C09_A09,CC[n+]1ccn(CCC#N)c1.O=C([O-])[C@@H]1CCCN1,11,0.8920863309352518,1-methyl-3-propylimidazolium,L-prolinate,434.93,1157.62,519.71,1118.72,16.31,3.48,1,2,Imidazolium,1.4673025666640904,1.0521924442977424,-0.11083711628433775
C13_A13,C=CC(CPS)n1cc[n+](C)c1.N#C[N-]C#N,12,0.5825242718446602,1-butyl-3-methylimidazolium,dicyanamide,409.36,1249.52,406.77,1178.3,0.64,6.04,1,2,Imidazolium,2.3132776377766,2.10247343607592,-0.10497445782985261
C14_A14,COn1cc[n+](CCCNCCO)c1.O=C([O-])[C@@H]1CCCN1,14,0.6173469387755102,1-butyl-3-methylimidazolium,L-prolinate,394.15,1254.34,582.13,1156.57,32.29,8.45,1,2,Imidazolium,2.0461833166735923,1.1170587452947356,-0.096739298772693
C15_A15,CC[n+]1cccc(C)c1C(=O)OC.NCCS(=O)(=O)[O-],13,0.5462184873949579,1-ethyl-2-methylpyridinium,2-aminoethanesulfonate,445.68,1224.71,507.05,1257.0,12.1,2.57,1,2,Pyridinium,3.4743132117598097,0.3860974112431961,-0.12386935506150748
C17_A17,CCC[n+]1cc[nH]c1-c1ccccc1.N[C@@H](CS)C(=O)[O-],14,0.5727699530516432,1-butyl-3-methylimidazolium,L-cysteinate,425.65,1174.79,524.17,1184.71,18.8,0.84,1,2,Imidazolium,2.0944278613720897,1.6073637279622102,-0.10976757440013152
C21_A21,CCCCCCCn1cc[n+](C)c1O.[Cl-],14,0.7613636363636364,1-butyl-3-methylimidazolium,chloride,437.23,1226.96,418.8,1038.44,4.4,18.15,1,2,Imidazolium,3.466253771680234,0.7922305984645575,-0.11926950565160398
C22_A22,CCCC(F)C[n+]1cn(C(S)CCC)cc1N.[Cl-],17,0.5726495726495726,1-butyl-3-methylimidazolium,chloride,433.26,1215.46,518.8,1124.45,16.49,8.09,1,2,Imidazolium,3.5758647862985864,1.2119659401624594,-0.11638155079507735
C25_A25,CCOCCC[n+]1ccc(NC)c(C)c1.COP(=O)([O-])OC,15,0.5919117647058824,N-octyl-3-methylpyridinium,dimethylphosphate,419.55,1104.16,589.05,1140.05,28.78,3.15,1,2,Pyridinium,2.4057708361313845,2.813649911180484,-0.08458450202490438
C28_A28,C2=CN(C=[N+]2CCC#N)CCCCCC.O=[N+]([O-])[O-],15,0.8763440860215054,3-hexyl-1-methylimidazolium,nitrate,391.69,1182.38,468.48,1092.71,16.39,8.21,1,2,Imidazolium,2.7952459815478967,1.1173747088441055,-0.09119699802424663
C30_A30,CCCn1cc[n+](c1C)C.O=C([O-])C(F)(F)F,10,0.775,1-methyl-3-propylimidazolium,trifluoroacetate,429.44,1239.27,404.48,1178.08,6.17,5.19,1,2,Imidazolium,3.0633784263130037,1.3954103338667208,-0.11562140934840118
C34_A34,CCc1cccc[n+]1NCCCCC(CC)N=O.CC(=O)[O-],18,0.5176991150442478,1-butyl-3-methylimidazolium,acetate,414.02,1130.77,625.28,1028.35,33.79,9.96,1,2,Imidazolium,1.9668352504911482,2.9768481846648687,-0.09055592933232386
C35_A35,CCSn1cc[n+](CC)c1.N#CN=C=[N-],10,0.5494505494505495,1-(2-hydroxyethyl)-3-methylimidazolium,dicyanoazanide,413.67,1170.1,367.25,1110.3,12.64,5.39,1,2,Imidazolium,1.7722023090521766,2.9157470266272463,-0.10279001677994594
C36_A36,N#CCCn1cc[n+](Oc2ccccc2)c1.O=S(=O)([O-])C(F)(F)F,16,0.5794392523364486,1-butyl-3-methylimidazolium,trifluoromethanesulfonate,418.38,1281.68,449.51,1379.03,6.93,7.06,1,2,Imidazolium,2.558892868560391,3.000642897501701,-0.11188513085385184
C44_A44,CC(C=O)CCc1cccc[n+]1C.N#C[S-],13,0.6653992395437263,"1,2-diethylpyridinium",thiocyanate,432.12,1254.8,401.82,1097.19,7.54,14.36,1,2,Pyridinium,2.029118663877256,1.2924853811180987,-0.11802052472652853
C53_A53,CC(=O)CCCC[N+](C)(C)C.O=[N+]([O-])[O-],11,0.581081081081081,"N,N,N-triethyldodecan-1-aminium",nitrate,434.25,1161.24,437.27,1154.81,0.69,0.56,1,2,Aminium,1.4735174244444935,1.1171400645365148,-0.11168837096677649
C55_A55,Cn1cc(NO)[n+](Cc2ccccc2)c1.N[C@@H](CO)C(=O)[O-],15,0.6325878594249201,1-benzyl-3-methyl-1H-imidazol-3-ium,L-serinate,385.92,1173.44,579.06,1249.53,33.35,6.09,1,2,Imidazolium,1.9864967233286863,1.6004685488053656,-0.08744963125036939
C57_A57,C=NC(C(P)CCC(C)C)n1cc[n+](C)c1.N#CN=C=[N-],16,0.575107296137339,1-butyl-3-methylimidazolium,dicyanoazanide,441.0,1195.26,544.35,1071.27,18.99,11.57,1,2,Imidazolium,3.921388696886303,0.4697637260912627,-0.11954496185385467
C61_A61,C=CCCc1c(NC)ccc[n+]1CCNO.O=S(=O)([N-]S(=O)(=O)C(F)(F)F)C(F)(F)F,16,0.5416666666666666,1-ethyl-2-methylpyridinium,bis[(trifluoromethyl)sulfonyl]imide,431.55,1257.17,683.12,1445.28,36.83,13.02,1,2,Pyridinium,1.9560340031487005,1.3205271638760063,-0.11783863645129798
C62_A62,CCCCc1cc[n+](CCC)cc1C(C)C.[Br-],16,0.5491071428571429,1-butyl-2-methylpyridinium,bromide,420.33,1210.84,489.52,1099.39,14.13,10.14,1,2,Pyridinium,3.737326648062522,2.6453454337241435,-0.10887626015731615
C64_A64,CC(N)CCCn1cc[n+](CCC#N)c1.N#C[S-],15,0.8121212121212121,1-butyl-3-methylimidazolium,thiocyanate,387.59,1210.17,499.33,1116.37,22.38,8.4,1,2,Imidazolium,3.7640807691057447,1.4454817547950407,-0.09051049418597912
C73_A73,CCc1cc(CC)[n+](CN)cc1CC(C)P.N#C[N-]C#N,16,0.5198412698412699,1-butyl-3-methylimidazolium,dicyanamide,430.79,1176.48,524.94,1071.43,17.94,9.8,1,2,Imidazolium,2.231780452179525,1.3555504000366143,-0.11274263239525813
C74_A74,CPC(P)n1cc[n+](C)c1.N#C[S-],10,0.5053191489361702,1-butyl-3-methylimidazolium,thiocyanate,452.06,1209.39,336.94,1220.39,34.17,0.9,1,2,Imidazolium,3.7979626727866975,0.3990289692525554,-0.12655394301451153
C76_A76,CCCn1cc[n+](SCC(C)C)c1.N#C[N-]C#N,13,0.595,1-isobutyl-3-methylimidazolium,dicyanamide,441.84,1196.06,475.7,1058.7,7.12,12.97,1,2,Imidazolium,3.9569051699638114,0.4331171856429305,-0.12006147796329805
C77_A77,CC[n+]1ccc(cc1)C.C[C@@H](O)[C@H](N)C(=O)[O-],9,0.8373983739837398,1-butyl-2-methylpyridinium,L-threoninate,419.24,1143.62,556.61,1097.11,24.68,4.24,1,2,Pyridinium,1.7949125280837983,2.870545670194766,-0.09768589254974727
C78_A78,C[N+]1(CCCC1)CCOC.O=C([O-])C(F)(F)F,10,0.6538461538461539,1-methyl-1-propylpyrrolidinium,trifluoroacetate,392.29,1205.88,436.86,1254.4,10.2,3.87,1,2,Pyrrolidinium,3.936288325085465,1.0970405006585555,-0.09289311172895608
C79_A79,CC[n+]1ccccc1F.N#C[S-],9,0.6464646464646465,1-ethylpyridinium,thiocyanate,430.87,1125.53,288.19,1168.77,49.51,3.7,1,2,Pyridinium,1.9700472750198696,1.3517529777670143,-0.09786207277602879
C80_A80,CCCC[n+]1ccc(N(C)CF)cc1.N[C@@H](CO)C(=O)[O-],14,0.6179775280898876,1-butyl-2-methylpyridinium,L-serinate,414.4,1115.51,612.42,1146.27,32.33,2.68,1,2,Pyridinium,2.0202355783508184,3.03019995237884,-0.08562933544872316
C82_A82,CC(CN)Cn1cc[n+](C)c1P.N#CN=C=[N-],12,0.6683673469387755,1-isobutyl-3-methylimidazolium,dicyanoazanide,421.34,1202.49,446.17,1153.26,5.57,4.27,1,2,Imidazolium,4.026905426857343,2.4140300625454523,-0.10895830866031274
C84_A84,c1c[n+](cn1CCC)CCC.O=C([O-])C(F)(F)F,11,0.9612403100775194,1-methyl-3-propylimidazolium,trifluoroacetate,420.48,1202.02,441.36,1136.77,4.73,5.74,1,2,Imidazolium,4.032828950291723,2.622972986229441,-0.10844969845829988
C89_A89,CCCn1cc[n+](O)c1C.NCCCC[C@H](N)C(=O)[O-],10,0.6321243523316062,1-butyl-3-methylimidazolium,L-lysinate,418.08,1115.85,570.35,1087.73,26.7,2.59,1,2,Imidazolium,2.0141231932220283,3.0401419163502483,-0.0877241028719467
C91_A91,CCCCn1cc[n+](OCC)c1C.NCCS(=O)(=O)[O-],13,0.5550660792951542,1-butyl-3-methylimidazolium,2-aminoethanesulfonate,413.65,1177.89,566.04,1150.63,26.92,2.37,1,2,Imidazolium,2.358594646189714,2.9157470266272463,-0.10322972958318762
C95_A95,Cc1cc(C)[n+](C)n1-c1cccc(N=O)c1.O=C([O-])[C@@H]1CCCN1,16,0.5058823529411764,1-butyl-3-methylimidazolium,L-prolinate,422.84,1220.61,553.29,1144.77,23.58,6.62,1,2,Imidazolium,3.4908720229846084,2.067376947933599,-0.11084680817988712
C96_A96,Cc1c[n+](C)cn1CCOF.NCCS(=O)(=O)[O-],11,0.6795580110497238,1-(2-hydroxyethyl)-3-methylimidazolium,2-aminoethanesulfonate,427.74,1175.96,438.05,1299.81,2.35,9.53,1,2,Imidazolium,2.1846779789900426,1.4478453172830006,-0.11100522408036002
C97_A97,CCCCP[n+]1ccccc1CCN.COS(=O)(=O)[O-],14,0.5432692307692307,1-ethyl-2-methylpyridinium,methylsulfate,425.29,1210.32,512.31,1208.91,16.99,0.12,1,2,Pyridinium,3.7573505675653673,1.6437236281560048,-0.11162263757665002
C99_A99,O=C(OCC)c1ccc[n+](c1)CC.O=[N+]([O-])[O-],13,0.5545454545454546,1-ethyl-2-methylpyridinium,nitrate,440.58,1199.12,371.11,1202.51,18.72,0.28,1,2,Pyridinium,4.036309361072112,0.4930772844104749,-0.11953328521684813
C01_A01,CCCCCCC[n+]1ccn(CC)c1N.O=C([O-])[C@@H]1CCCN1,15,0.7486033519553073,1-butyl-3-methylimidazolium,L-prolinate,1028.09,946.5,700.69,1021.13,46.73,7.31,1,1,Imidazolium,0.17976517971229514,0.06806800681421388,0.009841201036796077
C07_A07,Cc1ccc[n+](CCCCCCCCC(F)(F)F)c1.CC(=O)[O-],19,0.8969072164948454,N-octyl-3-methylpyridinium,acetate,979.53,953.95,603.44,1056.07,62.32,9.67,1,1,Pyridinium,0.2934415108974244,0.1807438162705509,0.0074668261299208685
C18_A18,PCCCCCCCCCCC[n+]1ccccc1.NCCCC[C@H](N)C(=O)[O-],18,0.8220338983050848,1-butylpyridinium,L-lysinate,990.28,1049.54,860.11,1002.63,15.13,4.68,1,1,Pyridinium,2.581483395515204,0.2461474860015131,-0.10595148710272304
C01_A01,CCCCCC(CCCC)Cn1cc[n+](CN)c1.C[C@@H](O)[C@H](N)C(=O)[O-],18,0.7362637362637363,1-butyl-3-methylimidazolium,L-threoninate,936.81,1014.39,760.15,1018.0,23.24,0.35,1,1,Imidazolium,1.891737625852293,0.07692126522934148,-0.05776501095433428
C10_A10,FCCCCCn1cc[n+](CCCCF)c1NF.CCOS(=O)(=O)[O-],18,0.6802030456852792,1-butyl-3-methylimidazolium,ethylsulfate,1087.45,1011.53,641.26,1211.79,69.58,16.53,1,1,Imidazolium,1.8620263270341544,0.11440930940821202,-0.07412922307725901
C13_A13,CCCC(P)CCCC[N+]1(C)CCCCC1.NCCCC[C@H](N)C(=O)[O-],16,0.8082191780821918,"N,N,N-triethyldodecan-1-aminium",L-lysinate,954.62,1050.04,824.19,1027.49,15.83,2.19,1,1,Aminium,2.585442490423544,0.05315537701751711,-0.10187025621323445
C16_A16,CCCCn1cc[n+](C)c1NCC.C[C@@H](O)[C@H](N)C(=O)[O-],13,0.6733668341708543,1-butyl-3-methylimidazolium,L-threoninate,1040.41,966.44,632.82,1066.45,64.41,9.38,1,1,Imidazolium,0.4961117212340015,0.06766400766785398,-0.0151367065637441
C17_A17,CCCC[P+](CC)(CCCC)CC(S)CC.NCCCC[C@H](N)C(=O)[O-],16,0.675,tetrabutylphosphonium,L-lysinate,1028.81,1068.43,910.84,977.96,12.95,9.25,1,1,Phosphonium,2.426653746213145,0.06644886689549065,-0.1331293399030616
C22_A22,CCCC(CC)CCn1cc[n+](C)c1C(F)(F)F.O=C([O-])C(F)(F)F,18,0.6146788990825688,1-butyl-3-methylimidazolium,trifluoroacetate,1054.96,1023.65,589.93,1192.04,78.83,14.13,1,1,Imidazolium,2.0100284036944283,0.13242292639571251,-0.08407907228220875
C24_A24,C=NC([n+]1ccn(CCCCCCC)c1)C(F)(F)F.COP(=O)([O-])OC,19,0.6118721461187214,1-butyl-3-methylimidazolium,dimethylphosphate,1048.14,1049.15,645.52,1166.17,62.37,10.03,1,1,Imidazolium,2.57830529828167,0.10251426837907424,-0.11306711654809024
C26_A26,CCCCC(C)(CCC)CC[N+](C)(C)CC(F)(F)F.C[C@@H](O)[C@H](N)C(=O)[O-],19,0.6145833333333334,"N,N,N-triethyldodecan-1-aminium",L-threoninate,937.31,976.51,736.65,1069.04,27.24,8.66,1,1,Aminium,0.7209065056340145,0.07506535952139996,-0.013443059349512329
C30_A30,CCCCCCC(N)[N+](C)(CC)CCCC.C[C@@H](O)[C@H](N)C(=O)[O-],16,0.6082474226804123,"N,N,N-triethyldodecan-1-aminium",L-threoninate,982.91,990.69,805.99,982.34,21.95,0.85,1,1,Aminium,1.0059810346206488,0.201872102386824,-0.03602709371210535
C43_A43,CCC[n+]1ccn(CC(C)C(N)(F)F)c1.CCOS(=O)(=O)[O-],15,0.7318435754189944,1-isobutyl-3-methylimidazolium,ethylsulfate,1010.43,1063.49,584.42,1237.88,72.89,14.09,1,1,Imidazolium,2.591740091590765,0.14007049613341313,-0.12493515317670065
C44_A44,CCCCCC[n+]1ccn(CC(C)C)c1C(F)(F)F.CCOS(=O)(=O)[O-],19,0.6118721461187214,1-butyl-3-methylimidazolium,ethylsulfate,1006.36,1061.29,645.49,1154.97,55.91,8.11,1,1,Imidazolium,2.631682009034192,0.17469680220753195,-0.1218245406999263
C51_A51,CCCn1cc(N=C=O)[n+](CCC)c1.CS(=O)(=O)[O-],14,0.6111111111111112,1-butyl-3-methylimidazolium,methanesulfonate,983.64,1066.62,496.28,1202.08,98.2,11.27,1,1,Imidazolium,2.4975620021148006,0.2066911985862621,-0.12509662088415385
C52_A52,CCC[N+](C)(CCO)CCCCCCS(C)(=O)=O.CC(=O)[O-],18,0.6263736263736264,"N,N,N-triethyldodecan-1-aminium",acetate,1030.2,1058.0,723.54,1113.5,42.38,4.98,1,1,Aminium,0.1676150610198554,0.06357817426421365,-0.1210894952113621
C01_A01,CCCCC(CC)(CCC)CC[N+]1=C(S)CCC1.C[C@@H](O)[C@H](N)C(=O)[O-],18,0.5132743362831859,"N,N,N-triethyldodecan-1-aminium",L-threoninate,985.42,1043.23,1143.26,1005.7,13.81,3.73,1,1,Aminium,2.5487194500354584,0.2195626500657863,-0.0979214253055285
C06_A06,CCCC(C)CCCC([n+]1ccccc1)C(F)(F)F.CCOS(=O)(=O)[O-],19,0.532967032967033,1-butylpyridinium,ethylsulfate,970.89,1057.96,677.55,1144.18,43.29,7.54,1,1,Pyridinium,2.6484968212083024,0.13710268516694832,-0.11328022246956458
C08_A08,FC[n+]1cc(F)n(CCCOF)c1.N#CN=C=[N-],13,0.6113744075829384,1-isobutyl-3-methylimidazolium,dicyanoazanide,986.13,1078.71,389.04,1276.75,153.48,15.51,1,1,Imidazolium,2.0997687905118507,0.2242568132584369,-0.1395894447510273
C12_A12,CCCCCCNCn1cc[n+](C)c1C#N.N[C@@H](CO)C(=O)[O-],16,0.5121951219512195,triethyloctylammonium,L-serinate,997.82,1091.8,707.61,1103.77,41.01,1.08,1,1,Ammonium,2.488554764049772,0.2423736911691237,-0.15645814002319505
C13_A13,CCCC(C)c1cccc[n+]1C(CCP)C(F)(F)F.CCCCCCCCOS(=O)(=O)[O-],19,0.5394190871369294,1-ethyl-2-methylpyridinium,octyl sulfate,1014.48,1007.66,923.17,1105.62,9.89,8.86,1,1,Pyridinium,1.7700575074059457,0.11367620529492845,-0.060044196394958664
C17_A17,CCCCCCC[N+](C)(C)C(P)CCCC.NCCCC[C@H](N)C(=O)[O-],16,0.5714285714285714,"N,N,N-triethyldodecan-1-aminium",L-lysinate,986.67,991.41,804.25,992.33,22.68,0.09,1,1,Aminium,1.0273865980788093,0.22730213348718364,-0.0373628852292359
C18_A18,CCc1ccc(N=NC)c[n+]1CC(CF)C(=O)F.NCCCC[C@H](N)C(=O)[O-],18,0.5508474576271186,1-ethyl-2-methylpyridinium,L-lysinate,944.84,1030.39,667.22,1162.23,41.61,11.34,1,1,Pyridinium,2.2571346911596413,0.05249449011359302,-0.07756459887800976
C22_A22,CCCCc1cn(C)c[n+]1CCCC(CF)C(=O)O.N#CN=C=[N-],19,0.5702127659574469,1-butyl-3-methylimidazolium,dicyanoazanide,905.81,1005.56,564.0,1109.42,60.6,9.36,1,1,Imidazolium,1.692711997746153,0.3572407036590471,-0.04336087650326931
C23_A23,CCCCNc1[nH]c(N)c[n+]1C.O=S(=O)([N-]S(=O)(=O)C(F)(F)F)C(F)(F)F,12,0.5118483412322274,1-butyl-3-methylimidazolium,bis[(trifluoromethyl)sulfonyl]imide,1047.22,1041.1,556.43,1459.54,88.2,28.67,1,1,Imidazolium,2.535148901815794,0.09727189736862954,-0.10351380192296851
C28_A28,C=S(=O)(F)c1n(C)c(NPC(C)C)c(NC)[n+]1F.O=C([O-])[C@@H]1CCCN1,18,0.5137254901960784,1-butyl-3-methylimidazolium,L-prolinate,1010.42,1044.91,620.66,1254.71,62.8,16.72,1,1,Imidazolium,2.5560840303902865,0.14007049613341313,-0.10316199323948293
C30_A30,CCC(CC)COC(C(P)CF)C(N)[NH2+]OC.N[C@@H](CO)C(=O)[O-],17,0.5081967213114754,triethyloctylammonium,L-serinate,970.18,1034.92,689.46,1151.34,40.72,10.11,1,1,Ammonium,2.4230192193248663,0.13363448587309856,-0.0861892659056166
C36_A36,CCCCCCCCCCn1cc[n+](S)c1N.N#C[N-]C#N,17,0.63,1-butyl-3-methylimidazolium,dicyanamide,952.72,977.27,570.41,1051.01,67.02,7.02,1,1,Imidazolium,0.7369022922094852,0.048705334313651975,-0.01635045645043744
C40_A40,CCCCC(F)[N+](C)(C)CCOC(C)=O.N#CN=C=[N-],15,0.5178571428571429,"N,N,N-triethyldodecan-1-aminium",dicyanoazanide,975.78,975.82,510.76,1103.25,91.04,11.55,1,1,Aminium,0.7045979560243505,0.1605057170901071,-0.017669418669187014
C47_A47,CCCC([NH3+])(F)C(CC(C)C(C)=O)C(N=N)NSC.N#CN=C=[N-],19,0.5150214592274678,1-butyl-3-methylimidazolium,dicyanoazanide,1004.41,1075.16,726.67,1117.98,38.22,3.83,1,1,Imidazolium,2.1594702727660504,0.1924299586874372,-0.13782204975213144
C52_A52,CNc1c(F)ccc[n+]1C(OCO)C(C)(C)C.N#C[C-](C#N)C#N,17,0.524,1-butyl-3-methylimidazolium,tricyanomethane,935.93,1032.37,508.73,1151.46,83.97,10.34,1,1,Imidazolium,2.3362109390873,0.08090583779042879,-0.07871861529431631
C55_A55,Nc1c(N=NF)ccc(N=NNO)[n+]1C(F)C(O)P.O=S(=O)([O-])C(F)(F)F,19,0.5118110236220472,1-butyl-3-methylimidazolium,trifluoromethanesulfonate,1064.83,1009.67,505.09,1587.92,110.82,36.42,1,1,Imidazolium,1.827325007408476,0.13876218189980635,-0.06898922373411401
C61_A61,CCCCC[n+]1cc(NC)n(CCC)c1NC.O=C([O-])[C@@H]1CCCN1,17,0.5702127659574469,1-butyl-3-methylimidazolium,L-prolinate,921.84,985.44,702.53,1025.09,31.22,3.87,1,1,Imidazolium,0.8923974053894135,0.2111898894811105,-0.021882450965912254
C62_A62,CCCC(N)(CCC)[n+]1ccc(N(C)C)c(P)c1.NCCCC[C@H](N)C(=O)[O-],18,0.5186721991701245,1-ethyl-2-methylpyridinium,L-lysinate,931.25,1031.08,834.27,1062.8,11.62,2.98,1,1,Pyridinium,2.2850793546630013,0.10974790533406403,-0.07659449551492545
C65_A65,CCCCC(N=NC(=O)O)[n+]1ccc(F)cc1N.O=S(=O)([N-]S(=O)(=O)C(F)(F)F)C(F)(F)F,18,0.5397489539748954,1-ethyl-2-methylpyridinium,bis(trifluoromethylsulfonyl)imide,994.35,1038.23,612.94,1485.88,62.23,30.13,1,1,Pyridinium,2.4994087675039167,0.2530226126905408,-0.09323122180379435
C66_A66,CC(C1CC1)C(CCF)[NH2+]C(N)OO.NCCCC[C@H](N)C(=O)[O-],14,0.5,triethyloctylammonium,L-lysinate,1009.41,1040.32,648.08,1100.88,55.75,5.5,1,1,Ammonium,2.5279288873429184,0.14758470058769074,-0.09765129164105867
C70_A70,CCCC[NH2+]C(S)(OC(C#N)CCCC(C)F)SO.N[C@@H](CO)C(=O)[O-],19,0.5039370078740157,triethyloctylammonium,L-serinate,968.97,1066.79,663.58,1190.57,46.02,10.4,1,1,Ammonium,2.489551180589239,0.1276565322926346,-0.12337583818706954
C72_A72,CN(CC(C)(N)F)c1cc[n+](CCCCF)c(F)c1.O=C([O-])[C@@H]1CCCN1,19,0.5210084033613446,1-ethyl-2-methylpyridinium,L-prolinate,1015.25,987.14,693.0,1173.65,46.5,15.89,1,1,Pyridinium,0.9235083017026172,0.10992810036043314,-0.03609984978835666
C74_A74,CCCCCCC[NH+](C)CN.NCCCC[C@H](N)C(=O)[O-],11,0.6056338028169014,"N,N,N-triethyldodecan-1-aminium",L-lysinate,953.44,964.07,686.33,1008.89,38.92,4.44,1,1,Aminium,0.4512682958922373,0.04989624412852405,-0.0009770659446422202
C75_A75,CCCCCCCCCn1cc(N=C=O)[n+](C)c1.COS(=O)(=O)[O-],18,0.6380952380952379,1-butyl-3-methylimidazolium,methylsulfate,1031.03,1042.86,606.39,1141.4,70.03,8.63,1,1,Imidazolium,2.546922703947328,0.062362689526854136,-0.10345722947143521
C76_A76,CCCCc1cn(C)c[n+]1CCC(F)(F)F.N#C[N-]C#N,16,0.5814977973568282,1-butyl-3-methylimidazolium,dicyanamide,1018.91,1034.22,488.68,1130.29,108.5,8.5,1,1,Imidazolium,2.4016239199907115,0.09439608072513077,-0.0917467202758135
C85_A85,CCCC(CCC)Cc1c(C)cc(C)c(N)[n+]1CC.O=S(=O)([N-]S(=O)(=O)C(F)(F)F)C(F)(F)F,19,0.5263157894736842,1-ethyl-2-methylpyridinium,bis(trifluoromethylsulfonyl)imide,992.91,1009.53,792.3,1237.89,25.32,18.45,1,1,Pyridinium,1.8241418965173497,0.252791966128223,-0.05941239471462646
C87_A87,C=CC(F)(n1c(N)c(CC)[n+](C)c1C)[SH](=O)=O.N#CN=C=[N-],17,0.5234375,1-butyl-3-methylimidazolium,dicyanoazanide,1024.55,1070.31,463.26,1269.4,121.16,15.68,1,1,Imidazolium,2.3466163442135013,0.0767681657140739,-0.13477476217233622
C89_A89,CCCCP(CCC)CC(C[NH3+])PCCC.NCCCC[C@H](N)C(=O)[O-],16,0.5,triethylhexylammonium,L-lysinate,1011.73,1006.32,797.63,986.74,26.84,1.98,1,1,Ammonium,1.7232813727991525,0.12971513393317008,-0.0581140825523873
C92_A92,Nc1c[n+](CO)c(N[SH](=O)=O)n1CF.N#C[C-](C#N)C#N,14,0.522633744855967,1-butyl-3-methylimidazolium,tricyanomethane,1035.32,1003.24,407.75,1500.38,153.91,33.13,1,1,Imidazolium,1.5813265408526698,0.05930696529498523,-0.057592393270459
C96_A96,CCCC1CC1C(CO)C(F)(CC[NH3+])CCCF.O=C([O-])[C@@H]1CCCN1,18,0.5086206896551724,triethyloctylammonium,L-prolinate,1019.35,1033.15,790.71,1061.42,28.92,2.66,1,1,Ammonium,2.364078198918372,0.09264227810506287,-0.09055049190179336
C98_A98,CCCCCCCC[N+]1(C)CCC(Cl)CC1.NCCCC[C@H](N)C(=O)[O-],16,0.7375,"N,N,N-triethyldodecan-1-aminium",L-lysinate,991.65,1073.1,830.33,1042.34,19.43,2.95,1,1,Aminium,2.230019229718787,0.2507079627655089,-0.13373815404963582
C08_A08,CCCCn1cc[n+](CCCCCCONO)c1.CC(=O)[O-],18,0.8121212121212121,1-butyl-3-methylimidazolium,acetate,1010.26,1049.74,608.87,1059.24,65.92,0.9,2,1,Imidazolium,2.591893077097269,0.1381600946064792,-0.10335110297459954
C10_A10,CCCCCC(CCCC)Cn1cc[n+](CN)c1.N#C[C-](C#N)C#N,18,0.7362637362637363,1-butyl-3-methylimidazolium,tricyanomethane,952.92,959.32,653.08,995.89,45.91,3.67,2,1,Imidazolium,0.3727314542313592,0.047923932182020616,0.004423728763939358
C01_A01,CCC(CC)CCCCCCCn1cc[n+](S)c1N.CCCCCCCCOS(=O)(=O)[O-],19,0.6237623762376238,1-butyl-3-methylimidazolium,octyl sulfate,990.99,997.82,953.28,1030.46,3.96,3.17,2,1,Imidazolium,1.3134544189574981,0.2421283334732989,-0.043163447258630326
C04_A04,Cc1cc[n+](CCCCCCCCCCCP)cc1.NCCS(=O)(=O)[O-],19,0.8848920863309353,1-butyl-2-methylpyridinium,2-aminoethanesulfonate,971.82,1065.0,739.63,1072.17,31.39,0.67,2,1,Pyridinium,0.16622761687263185,0.1378785912179286,-0.11555797748007142
C07_A07,Cc1ccc[n+](CCCCCCCCCCCP)c1.NCCS(=O)(=O)[O-],19,0.956043956043956,N-octyl-3-methylpyridinium,2-aminoethanesulfonate,986.73,1068.57,836.29,1076.03,17.99,0.69,2,1,Pyridinium,2.432042066245749,0.2213037054894383,-0.12138538552963825
C11_A11,CCCCCCCCCCn1c[n+](C)cc1NO.O=C([O-])[C@@H]1CCCN1,18,0.6442307692307693,1-butyl-3-methylimidazolium,L-prolinate,1002.54,1037.63,819.82,1026.11,22.29,1.12,2,1,Imidazolium,2.490419325425949,0.2021650525871514,-0.08891173543838836
C12_A12,CCCCCCCCCCn1cc[n+](SS)c1N.CCCCCCCCOS(=O)(=O)[O-],18,0.6046511627906976,1-butyl-3-methylimidazolium,octyl sulfate,988.23,1002.77,940.73,1070.04,5.05,6.29,2,1,Imidazolium,1.5754816878892364,0.2308981800777469,-0.048330142034126354
C18_A18,CCCCCCCC[n+]1cccc(C)c1CCC.CCCCCCCCOS(=O)(=O)[O-],18,0.6029850746268657,"1,2-diethylpyridinium",octyl sulfate,919.53,1007.25,1031.34,969.5,10.84,3.89,2,1,Pyridinium,1.7745959314368769,0.2670212447056636,-0.044775828303274486
C20_A20,CCCCCCCC[n+]1cccc(CF)c1.CCCCCCCCOS(=O)(=O)[O-],16,0.7909090909090909,N-octyl-3-methylpyridinium,octyl sulfate,1032.11,1059.73,818.43,1018.95,26.11,4.0,2,1,Pyridinium,2.6613686553520544,0.0591270902936008,-0.11718738948555009
C02_A02,CCCc1n(C)c(CC)c[n+]1C(N)C(C)C.N#C[N-]C#N,16,0.5236220472440944,1-butyl-3-methylimidazolium,dicyanamide,985.38,1083.23,522.1,1011.91,88.73,7.05,2,1,Imidazolium,2.152167890949728,0.21376846447835368,-0.13753553941580063
C12_A12,CCCCC(CC)(CCC)CC[N+]1=C(S)CCC1.N[C@@H](CO)C(=O)[O-],18,0.5132743362831859,"N,N,N-triethyldodecan-1-aminium",L-serinate,1013.98,1040.46,783.03,1015.28,29.49,2.48,2,1,Aminium,2.5315575938823347,0.113247534065389,-0.09348405179298365
C13_A13,CCC(CCP)C(SCC(C)CCCN)N([NH3+])O.NCCCC[C@H](N)C(=O)[O-],18,0.509009009009009,1-butyl-3-methylimidazolium,L-lysinate,945.94,992.99,886.71,1072.22,6.68,7.39,2,1,Imidazolium,1.1005362421202758,0.05018538152042335,-0.03218644524536205
C14_A14,CCCC([NH3+])C(C)(CCC)N(N=N)C(C)=O.[Cl-],16,0.5079365079365079,1-ethylpyridinium,chloride,1048.13,1046.05,460.58,1018.01,127.57,2.75,2,1,Pyridinium,2.5659620802855048,0.09980895079692002,-0.1039518870723741
C15_A15,CCCCC(CC)(CCC)CC[N+]1=C(S)CCC1.N[C@@H](CO)C(=O)[O-],18,0.5132743362831859,"N,N,N-triethyldodecan-1-aminium",L-serinate,1013.98,1040.46,713.49,1015.79,42.12,2.43,2,1,Aminium,2.5315575938823347,0.113247534065389,-0.09348405179298365
C16_A16,CCC(CCCCCCCCCl)n1cc[n+](C)c1.NCCCC[C@H](N)C(=O)[O-],18,0.7486033519553073,1-butyl-3-methylimidazolium,L-lysinate,984.56,1059.49,819.28,1030.0,20.17,2.86,2,1,Imidazolium,2.6623570424094267,0.2075301864219454,-0.11100869158623879
C19_A19,CCCCCC[n+]1ccn(C(N)(CC)CCC)c1.C[C@@H](O)[C@H](N)C(=O)[O-],18,0.6146788990825688,1-butyl-3-methylimidazolium,L-threoninate,1020.5,1064.97,752.0,1006.06,35.7,5.86,2,1,Imidazolium,2.5676996613998195,0.08693962483145228,-0.12157662431289598
C24_A24,CCC(CCCS)[n+]1cc[nH]c1.CS(=O)(=O)[O-],12,0.6878612716763006,1-butyl-3-methylimidazolium,methanesulfonate,906.21,1004.25,445.29,1210.55,103.51,17.04,2,1,Imidazolium,1.6497449645990274,0.3698539924784134,-0.03978055851153747
C25_A25,CCCCCC[n+]1c(N=N)c(PCC)n(C)c1C.O=C([O-])[C@@H]1CCCN1,18,0.5275590551181102,1-butyl-3-methylimidazolium,L-prolinate,948.19,1041.23,739.93,1053.78,28.15,1.19,2,1,Imidazolium,2.5386677644739444,0.04705529683906457,-0.0861619309732523
C26_A26,CCCC(S)C[n+]1cc[nH]c1.CS(=O)(=O)[O-],11,0.6744186046511628,1-butyl-3-methylimidazolium,methanesulfonate,964.47,1022.89,411.16,1237.06,134.57,17.31,2,1,Imidazolium,2.0070295852038402,0.09855745557674593,-0.06777172437481348
C30_A30,CCCCC(CC)(CCC)CC[N+]1=C(S)CCC1.N#C[S-],18,0.5132743362831859,"N,N,N-triethyldodecan-1-aminium",thiocyanate,972.67,1020.45,600.75,982.07,61.91,3.91,2,1,Aminium,1.960912143696956,0.1421878004047124,-0.06607521766347187
C32_A32,CCCCC(CCC)[n+]1cc[nH]c1.O=S(=O)([O-])C(F)(F)F,13,0.6900584795321637,1-butyl-3-methylimidazolium,trifluoromethanesulfonate,973.49,1070.81,503.5,1185.52,93.34,9.68,2,1,Imidazolium,2.333587794183601,0.14539492234450646,-0.1222326854933889
C34_A34,CCCCCCC(NF)[N+](C)(CCCl)CCCC.NCCCC[C@H](N)C(=O)[O-],18,0.5041322314049587,triethyloctylammonium,L-lysinate,965.78,1043.6,815.53,1047.84,18.42,0.4,2,1,Ammonium,2.5537669970428016,0.1066101442589382,-0.09098680904492316
C39_A39,CCCCc1c[n+](C)c(CCC(C)CC)n1CC.NCCCC[C@H](N)C(=O)[O-],18,0.5365853658536586,1-butyl-3-methylimidazolium,L-lysinate,944.87,1007.12,813.79,964.08,16.11,4.46,2,1,Imidazolium,1.7721944416914674,0.052626826681856316,-0.04778146857976178
C41_A41,CCCNC(=[NH+]C(Cl)CC)N(C)CSCCC.O=[N+]([O-])[O-],17,0.5,triethyloctylammonium,nitrate,1024.82,1069.57,572.38,1123.9,79.05,4.83,2,1,Ammonium,2.387990065755041,0.07408848807936783,-0.1272339416990517
C45_A45,CCCC(C)CC[NH+](C)C=N.COP(=O)([O-])OC,11,0.6266666666666667,"N,N,N-triethyldodecan-1-aminium",dimethylphosphate,992.26,1086.37,520.85,1081.58,90.51,0.44,2,1,Aminium,2.261676148516734,0.24550311313632944,-0.14188600306996874
C47_A47,CCCC(C)c1c(C)n(C(C)CC)c(N)[n+]1C(C)S.O=C([O-])[C@@H]1CCCN1,19,0.5234375,1-butyl-3-methylimidazolium,L-prolinate,1043.57,1034.41,737.63,1031.78,41.48,0.25,2,1,Imidazolium,2.4104892783967014,0.07786188864335769,-0.09042853516066778
C53_A53,CCCCC(CC)(CCC)CC[N+]1=C(S)CCC1.N#C[S-],18,0.5132743362831859,"N,N,N-triethyldodecan-1-aminium",thiocyanate,972.67,1020.45,596.16,979.65,63.16,4.16,2,1,Aminium,1.960912143696956,0.1421878004047124,-0.06607521766347187
C58_A58,CCCCCC[n+]1cc(CCC)cc(C)c1CC.CCCCCCCCOS(=O)(=O)[O-],18,0.5579399141630901,1-ethyl-2-methylpyridinium,octyl sulfate,932.06,1010.91,926.97,968.88,0.55,4.34,2,1,Pyridinium,1.8709271760375144,0.11605790316868372,-0.05040752645974457
C61_A61,CCCC(CC(C)CC)C[NH+]1C=NC(P)=C1.CS(=O)(=O)[O-],16,0.5,"N,N,N-triethyldodecan-1-aminium",methanesulfonate,1032.4,1051.09,581.04,1100.28,77.68,4.47,2,1,Aminium,2.6048442419306443,0.05887296338198032,-0.107606292238005
C65_A65,O=NC(F)(NC(=O)S)[n+]1cc[nH]c1.N#C[C-](C#N)C#N,13,0.5236051502145923,1-butyl-3-methylimidazolium,tricyanomethane,970.43,1040.45,348.82,1426.02,178.2,27.04,2,1,Imidazolium,2.5315575938823347,0.1312423950531895,-0.08805865769010497
C01_A01,Cc1ccc[n+](CCCCCCCCCCCP)c1.CCCCCCCCOS(=O)(=O)[O-],19,0.956043956043956,N-octyl-3-methylpyridinium,octyl sulfate,943.63,1019.2,965.93,1001.44,2.31,1.77,3,1,Pyridinium,1.9871460674693648,0.09385426928861842,-0.07808977234835654
C08_A08,CCCNC(=[NH+]C(F)(Cl)CC)N(C)C(S)SCCF.NCCCC[C@H](N)C(=O)[O-],19,0.5,1-ethylpyridinium,L-lysinate,997.31,1092.56,814.02,1183.97,22.52,7.72,3,1,Pyridinium,2.517987910314724,0.23436688317666696,-0.1658976141377246
C12_A12,CCCCC(CSCP)Cn1cc(CC)[n+](C)c1C.C[C@@H](O)[C@H](N)C(=O)[O-],19,0.5469387755102041,1-butyl-3-methylimidazolium,L-threoninate,975.7,1062.28,756.57,1067.31,28.96,0.47,3,1,Imidazolium,2.652249690134707,0.15514595166430628,-0.12970966743924509
C16_A16,CCC(CF)CC1=NC=C[NH+]1C(C)(CCF)CCF.O=S(=O)([N-]S(=O)(=O)C(F)(F)F)C(F)(F)F,19,0.5041322314049587,1-butyl-3-methylimidazolium,bis[(trifluoromethyl)sulfonyl]imide,980.07,1003.08,735.0,1383.55,33.34,27.5,3,1,Imidazolium,1.6145264988935883,0.17625183717158438,-0.0636926421448398
C20_A20,CCCCCC[n+]1ccccc1CCCC.C[C@@H](O)[C@H](N)C(=O)[O-],16,0.7345454545454545,"1,2-diethylpyridinium",L-threoninate,953.69,1037.79,738.71,986.44,29.1,5.21,3,1,Pyridinium,2.5131387172346638,0.07966753476971948,-0.09998123589714075
C28_A28,CCCCCCCC[P+](CC)(CC)SC.NCCCC[C@H](N)C(=O)[O-],15,0.6666666666666666,triethyloctylammonium,L-lysinate,963.08,1004.67,858.97,970.32,12.12,3.54,3,1,Ammonium,1.6928539291884217,0.10352306972024593,-0.0637525661010244
C30_A30,CCCC(CCC)C(CC)C(CC)[n+]1cc[nH]c1.COP(=O)([O-])OC,18,0.6069651741293532,1-butyl-3-methylimidazolium,dimethylphosphate,1014.66,1073.14,685.25,1014.3,48.07,5.8,3,1,Imidazolium,2.2586832348021657,0.11355466365603872,-0.1458574371444357
C32_A32,C[N+](C)(C)C(F)CC(C(N)=O)C(N)=O.CCCCCCCCOS(=O)(=O)[O-],14,0.5363636363636364,triethyloctylammonium,octyl sulfate,1054.28,1003.09,863.27,1192.8,22.13,15.9,3,1,Ammonium,1.6145264988935883,0.12641413754868222,-0.07123880714972482
C35_A35,CCc1cc(NO)cc(CC)[n+]1C.N#C[N-]C#N,13,0.5829383886255924,1-ethyl-2-methylpyridinium,dicyanamide,973.82,953.05,406.94,1095.3,139.3,12.99,3,1,Pyridinium,0.2835842742225988,0.14642307122020318,-0.006891989410519017
C40_A40,CCCCCCCC[n+]1ccc(CCCC)cc1.CCCCCCCCOS(=O)(=O)[O-],18,0.7639751552795031,1-butyl-2-methylpyridinium,octyl sulfate,959.09,986.91,938.94,962.88,2.15,2.5,3,1,Pyridinium,0.9560415206109016,0.08950023057748922,-0.04340921960764373
C43_A43,C#CC(CC)C[P+](CC)(CCCC)CCCC.O=C([O-])[C@@H]1CCCN1,17,0.6781609195402298,triethyloctylammonium,L-prolinate,925.23,999.78,743.64,946.9,24.42,5.58,3,1,Ammonium,1.434198512778267,0.2183965282375012,-0.05441970649337001
C44_A44,C=NCC[NH+](CC(CC)C(C)CC)NC.O=C([O-])C(F)(F)F,15,0.5,triethyloctylammonium,trifluoroacetate,989.4,1041.7,634.13,1077.23,56.02,3.3,3,1,Ammonium,2.556356247974178,0.23281137790817585,-0.1079966152537371
C48_A48,PCCCCCCCCCCC[n+]1ccccc1.C[C@@H](O)[C@H](N)C(=O)[O-],18,0.8220338983050848,1-butylpyridinium,L-threoninate,998.06,1072.36,831.64,1022.84,20.01,4.84,3,1,Pyridinium,2.2908951998099782,0.23097192544146244,-0.14329628520166685
C49_A49,CCC(F)CC#CNC(N=O)(NC=O)[n+]1cc[nH]c1.COS(=O)(=O)[O-],19,0.5042016806722689,1-ethyl-2-methylpyridinium,methylsulfate,1002.47,1092.11,538.55,1351.53,86.14,19.19,3,1,Pyridinium,2.5041355301370243,0.20121435579296268,-0.16443208083958363
C60_A60,CCCCC(C)CC(C)CC[NH+](C)C=N.O=S(=O)([O-])C(F)(F)F,15,0.6125,"N,N,N-triethyldodecan-1-aminium",trifluoromethanesulfonate,974.25,1029.73,593.43,1128.58,64.17,8.76,3,1,Aminium,2.273902949536243,0.14829461090769933,-0.09302026352087531
C63_A63,CCCCC(CC)C(C)CC[NH+](C)C=N.CCCCCCCCOS(=O)(=O)[O-],15,0.6172839506172839,"N,N,N-triethyldodecan-1-aminium",octyl sulfate,995.07,966.69,875.22,981.62,13.69,1.52,3,1,Aminium,0.526353154949301,0.24148597757546725,-0.024362528198899266
C67_A67,CCCCON(C)C(=[NH+]C(Cl)CC)PCCCC.CCCCCCCCOS(=O)(=O)[O-],18,0.5128205128205128,1-butyl-3-methylimidazolium,octyl sulfate,999.76,1099.51,939.41,1033.22,6.42,6.42,3,1,Imidazolium,2.566044392735343,0.22107557919772186,-0.16099574712986758
C71_A71,CCCC(CCC)CC[NH+](C)C=N.CS(=O)(=O)[O-],13,0.5949367088607594,"N,N,N-triethyldodecan-1-aminium",methanesulfonate,1037.58,951.88,516.34,1050.56,100.95,9.39,3,1,Aminium,0.2637564876507082,0.07706278462975495,-0.012052385873375577
C76_A76,CCCCC(CC)(CCC)CC[N+]1=C(S)CCC1.CCCCCCCCOS(=O)(=O)[O-],18,0.5132743362831859,"N,N,N-triethyldodecan-1-aminium",octyl sulfate,1014.3,989.43,949.06,991.95,6.87,0.25,3,1,Aminium,1.0098487480518206,0.11557740087609115,-0.0518440582529324
C78_A78,CCCCNC(CC(CF)CCF)[n+]1cc[nH]c1.O=S(=O)([N-]S(=O)(=O)C(F)(F)F)C(F)(F)F,18,0.5837104072398189,1-butyl-3-methylimidazolium,bis(trifluoromethylsulfonyl)imide,1006.73,1008.96,764.33,1369.65,31.71,26.33,3,1,Imidazolium,1.8603859150158413,0.1642850024542806,-0.07300074222653552
C79_A79,CCCCCCCCc1cccc[n+]1CCCC.NCCCC[C@H](N)C(=O)[O-],18,0.7188612099644128,"1,2-diethylpyridinium",L-lysinate,927.93,978.32,866.73,957.33,7.06,2.19,3,1,Pyridinium,0.7970384779496205,0.18876663151316464,-0.030601835585925635
C80_A80,CCCC(C)CCC(CCC)(C(C)=O)[n+]1cc[nH]c1.NCCCC[C@H](N)C(=O)[O-],19,0.5530973451327433,1-butyl-3-methylimidazolium,L-lysinate,925.87,1017.72,944.96,982.23,2.02,3.61,3,1,Imidazolium,1.974018776275476,0.21079642151553074,-0.07462498611342626
C82_A82,CCCCCCCC[n+]1cccc(C)c1CCC.CCCCCCCCOS(=O)(=O)[O-],18,0.6029850746268657,"1,2-diethylpyridinium",octyl sulfate,925.43,981.36,927.66,969.42,0.24,1.23,3,1,Pyridinium,0.8574162413608315,0.21585420835306945,-0.0337608457470552
C87_A87,CCCCCC(CCC)CC[NH+](C)C=N.COS(=O)(=O)[O-],15,0.6049382716049383,"N,N,N-triethyldodecan-1-aminium",methylsulfate,960.27,1050.25,631.25,1054.81,52.12,0.43,3,1,Aminium,2.6087227179398176,0.0931816836211571,-0.11463752695478291
C90_A90,CCCCCCCCCCC[n+]1ccccc1.CCCCCCCCOS(=O)(=O)[O-],17,0.8899082568807339,1-butylpyridinium,octyl sulfate,912.1,1000.24,906.82,972.49,0.58,2.85,3,1,Pyridinium,1.4601829979010867,0.3416145231410293,-0.053602965183085716
C96_A96,CCCCCCC[P+](CC)(CC)CCP.NCCCC[C@H](N)C(=O)[O-],15,0.8513513513513513,triethyloctylammonium,L-lysinate,950.22,985.06,832.87,967.56,14.09,1.81,3,1,Ammonium,0.922488946856006,0.08043527558546394,-0.04043170306646817
C97_A97,CCCCP(c1c[n+](CCC(C)S)cn1C)C(C)C.NCCCC[C@H](N)C(=O)[O-],19,0.5537190082644629,1-butyl-3-methylimidazolium,L-lysinate,1009.4,1085.29,859.2,1038.71,17.48,4.48,3,1,Imidazolium,2.2328378953245385,0.1435032731272258,-0.15896352888563559
C98_A98,CCCCC(CC)CCCCC[n+]1ccn(C)c1.CCCCCCCCOS(=O)(=O)[O-],18,0.9325842696629212,1-methyl-3-octyl-1H-imidazol-3-ium,octyl sulfate,951.85,993.7,909.84,976.1,4.62,1.8,3,1,Imidazolium,1.1395908636915435,0.07936809868153517,-0.05029688049810106
C03_A03,PCCCCCCCCCCC[n+]1ccccc1.CCCCCCCCOS(=O)(=O)[O-],18,0.8220338983050848,1-butylpyridinium,octyl sulfate,931.59,1024.14,904.44,1008.01,3.0,1.6,3,1,Pyridinium,2.0801243418810484,0.15280883850791746,-0.0824131655834317
C12_A12,CCCCCC(CCC)[n+]1ccn(CCC#P)c1.O=S(=O)([O-])C(F)(F)F,18,0.7127659574468085,1-butyl-3-methylimidazolium,trifluoromethanesulfonate,1064.94,981.28,753.98,1140.84,41.24,13.99,3,1,Imidazolium,0.8561932051641857,0.1329908017562466,-0.04783623100889606
C18_A18,C=Nc1n(CCCCCCCCCC)cc[n+]1C.CCCCCCCCOS(=O)(=O)[O-],18,0.6943005181347149,1-butyl-3-methylimidazolium,octyl sulfate,927.82,1026.43,896.94,998.77,3.44,2.77,3,1,Imidazolium,2.1512619662474872,0.18876663151316464,-0.0846012401862412
C19_A19,PCCCCCCCCCCC[n+]1ccccc1.CCCCCCCCOS(=O)(=O)[O-],18,0.8220338983050848,1-butylpyridinium,octyl sulfate,931.59,1024.14,1054.13,1010.06,11.62,1.39,3,1,Pyridinium,2.0801243418810484,0.15280883850791746,-0.0824131655834317
C06_A06,CCCCCCCC[P+](CC)(CC)CCS.NCCCC[C@H](N)C(=O)[O-],16,0.8648648648648649,triethyloctylammonium,L-lysinate,1032.61,1061.84,855.36,981.66,20.72,8.17,3,1,Ammonium,2.658998974134548,0.07950364969121068,-0.13499407944494926
C10_A10,CCCCCCCC[n+]1cccc(CCC)c1.C[C@@H](O)[C@H](N)C(=O)[O-],17,0.7565217391304347,N-octyl-3-methylpyridinium,L-threoninate,954.15,1024.79,740.67,974.25,28.82,5.19,3,1,Pyridinium,2.0999867201688325,0.08000610552278861,-0.0854335240476198
C05_A05,C[n+]1ccn(C(CCF)CCCCCCCCCl)c1.O=C([O-])[C@@H]1CCCN1,19,0.6943005181347149,1-butyl-3-methylimidazolium,L-prolinate,1011.66,1084.07,748.96,1075.04,35.08,0.84,4,1,Imidazolium,2.189794419900557,0.1268101490093864,-0.16525680725479136
C14_A14,CCCCN[NH2+]CC(C)(CCCC)C(S)CC.O=C([O-])[C@@H]1CCCN1,17,0.4782608695652174,triethyloctylammonium,L-prolinate,978.2,1017.81,793.79,983.32,23.23,3.51,4,1,Ammonium,1.9916709989212489,0.17316945826816335,-0.09799612082767863
C48_A48,CCCC(N)[NH2+]C(N)(CCCCCl)CN(C)CC.NCCCC[C@H](N)C(=O)[O-],18,0.4957983193277311,triethyloctylammonium,L-lysinate,994.97,1052.11,835.82,1059.29,19.04,0.68,4,1,Ammonium,2.6336482819596045,0.23730407592476604,-0.13806274974582472
C49_A49,CCCCCCCCc1cccc[n+]1CCCC.CCCCCCCCOS(=O)(=O)[O-],18,0.7188612099644128,"1,2-diethylpyridinium",octyl sulfate,923.16,983.76,913.16,964.32,1.1,2.02,4,1,Pyridinium,0.9513771832141604,0.2828157942681302,-0.055308934892714594
C63_A63,CCCCCCCC[n+]1cccc(CCCC)c1.CCCCCCCCOS(=O)(=O)[O-],18,0.71900826446281,N-octyl-3-methylpyridinium,octyl sulfate,920.58,989.77,962.39,961.31,4.34,2.96,4,1,Pyridinium,1.0596728633022363,0.3121219611192136,-0.061910706743819585
C84_A84,CCCCC(S)CCC(N)[n+]1cc[nH]c1.CCCCCCCCOS(=O)(=O)[O-],15,0.6564102564102564,1-butyl-3-methylimidazolium,octyl sulfate,1038.22,1056.48,783.34,1085.95,32.54,2.71,4,1,Imidazolium,2.6773234734163207,0.08265061943056244,-0.1462864762274629
C11_A11,CC(N)C[n+]1cccc(CCCCC(C)(C)C)c1.CCCCCCCCOS(=O)(=O)[O-],18,0.5985663082437276,N-octyl-3-methylpyridinium,octyl sulfate,954.99,1035.58,878.62,1001.27,8.69,3.43,4,1,Pyridinium,2.4738301634335045,0.13189043818094645,-0.11633375216971406
